Lower Super Output Area,Names,Mid year Population Estimates;All Ages;2011,Mid year Population Estimates;Aged 0 15;2011,Mid year Population Estimates;Aged 16 29;2011,Mid year Population Estimates;Aged 30 44;2011,Mid year Population Estimates;Aged 45 64;2011,Mid year Population Estimates;Aged 65+;2011,Mid year Population Estimates;Working age;2011,2011 Census Population;Age Structure;All Ages,Population Density;Area (Hectares);,Household Composition;% Lone parent household;2011,Household Composition;% One person household;2011,Ethnic Group;White (%);2011,Ethnic Group;Mixed/multiple ethnic groups (%);2011,Ethnic Group;Asian/Asian British (%);2011,Ethnic Group;Black/African/Caribbean/Black British (%);2011,Ethnic Group;Other ethnic group (%);2011,Ethnic Group;BAME (%);2011,Tenure;Social rented (%);2011,Tenure;Private rented (%);2011,Dwelling type;Household spaces with no usual residents (%);2011,House Prices;Median Price (£);2011,Adults in Employment;% of households with no adults in employment: With dependent children;2011,Lone Parents;Lone parent not in employment %;2011,Economic Activity;Unemployment Rate;2011,Qualifications;% No qualifications;2011,Qualifications;% Highest level of qualification: Level 1 qualifications;2011,Qualifications;% Highest level of qualification: Level 2 qualifications;2011,Qualifications;% Highest level of qualification: Apprenticeship;2011,Qualifications;% Highest level of qualification: Other qualifications;2011,Health;Day to day activities limited a lot (%);2011,Health;Day to day activities limited a little (%);2011,Health;Fair health (%);2011,Health;Bad or Very Bad health (%);2011,Car or van availability;No cars or vans in household (%);2011,Car or van availability;1 car or van in household (%);2011,Public Transport Accessibility Levels (2014);% 0 1 (poor access),Public Transport Accessibility Levels (2014);% 2 3 (average access),"Household Income, 2011/12;Mean Annual Household Income estimate (£)",pop_density_2011
E01000027,Barking and Dagenham 001A,1710,470,316,350,345,229,1011,1709,147.5,24.5,27.3,71.7,5.4,9.2,13.3,0.4,28.3,45.4,8,3,-182500,13,54.8,11.3,34.6,18,14.7,2.4,6.9,9.9,9.2,15.6,6.3,34.5,42.6,69.2,30.8,-31995,11.59322034
E01000028,Barking and Dagenham 001B,1553,418,318,330,268,219,916,1549,14.4,24.8,32.2,57.9,5.2,13.9,21.7,1.3,42.1,52.3,13.4,3.3,-150000,13,54.8,14.2,31.1,14.7,15.2,1.6,7.5,11.6,9.6,13.8,9,43.6,41.2,100,0,-30915,107.8472222
E01000029,Barking and Dagenham 001C,1591,286,246,294,328,437,868,1602,25.7,11.4,32.5,63.9,2.6,18.7,13.2,1.7,36.1,8,9.3,3.5,-231000,4,42.2,7.4,33.3,12.7,12.4,3.5,7.9,12.2,12.1,18.7,7.5,27,49.4,87.1,12.9,-43034,61.90661479
E01000030,Barking and Dagenham 001D,1929,580,393,418,333,205,1144,1915,28.6,27.1,28.3,65.7,6.1,7.7,18.7,1.8,34.3,60.6,9.4,2,-176500,17,61.2,14.1,30.2,17.4,14.1,1.8,9,8.6,9.3,14.6,6.7,44.9,41.6,63.6,36.4,-29508,67.44755245
E01000031,Barking and Dagenham 002A,1617,351,293,334,409,230,1036,1617,84.4,13.2,26.6,49.8,5,26.5,15.8,2.9,50.2,5.4,14.4,3.2,-223750,6,52.9,8.1,19.6,16.5,16.6,2.2,9.7,8,9.3,14.4,4.9,25.6,44,28.2,71.8,-47995,19.15876777
E01000032,Barking and Dagenham 002B,1641,357,331,356,361,236,1048,1629,37.6,15.8,28.7,62.3,3.8,19.2,12.6,2.1,37.7,15.4,20.9,2.8,-216000,7,52.2,10,26,16.3,16.4,1.9,8.8,8.8,8,14.2,6.6,29.6,47.9,46.6,52.3,-40236,43.64361702
E01000110,Barking and Dagenham 002C,1418,297,268,295,363,195,926,1416,19.5,14,18.4,55.4,3.8,22.2,16.4,2.1,44.6,2.6,14.4,4.6,-212000,4,33.3,7.3,22,13.7,19,2.1,7.2,7.6,8.8,13.8,5,19.2,48.5,29.8,70.2,-52664,72.71794872
E01000111,Barking and Dagenham 002D,1846,446,377,406,371,246,1154,1833,29.7,17.1,30.7,61,3.8,16.7,16.8,1.6,39,30.1,16.9,2.4,-174000,10,51.7,10.3,28.5,15.5,13.9,2.4,9.5,8,8.3,12.9,5.1,36.9,45.5,54.5,45.5,-34685,62.15488215
E01000112,Barking and Dagenham 002E,1881,404,417,482,376,202,1275,1871,27.8,16.5,28.8,49.9,5,25.7,17.7,1.8,50.1,7.6,30.7,1.3,-185000,7,46.6,9,22.1,14.6,14.9,2,9.5,7.5,6.7,12.3,4.9,35.6,44.7,0,92.2,-40827,67.6618705
E01000113,Barking and Dagenham 002F,1685,402,283,436,391,173,1110,1679,15.4,14.7,26.7,49.3,4.3,26.3,17.1,3,50.7,4.4,29.9,3.1,-204500,8,52.3,9.6,18,16.4,14.9,2.4,11.1,7.3,7.6,11.7,4.6,35.9,44.5,0,79.9,-42391,109.4155844
E01000034,Barking and Dagenham 003A,1436,312,263,258,332,271,853,1444,51.4,19.7,27.5,76.5,2.3,4.5,16.2,0.6,23.5,39.8,10.1,1.9,-172500,9,46.5,8.7,38.5,15,15.5,2.1,6.5,14.5,10.4,17.5,9.4,31.1,48.4,100,0,-36749,27.93774319
E01000037,Barking and Dagenham 003B,1703,263,468,294,458,220,1220,1688,23.3,9.2,22.3,83.4,2.7,4.4,9,0.5,16.6,2.6,6.7,2.7,-205000,3,35.7,12.8,22.5,17.8,19.2,3.9,4.6,6.6,8,11.3,4.5,14.5,45.9,85.4,14.6,-52891,73.09012876
E01000038,Barking and Dagenham 003C,1443,285,259,242,387,270,888,1447,21.4,12.1,27.2,83.5,2.5,6.3,7.4,0.3,16.5,13.5,8.9,1.9,-205000,4,41.5,6.9,32.7,15.8,16.2,4,5.1,8.9,8.4,14.6,5.6,26.6,43.7,2.5,97.5,-46891,67.42990654
E01000039,Barking and Dagenham 003D,1603,322,299,368,365,249,1032,1603,153.2,15,28.1,80.2,4.4,5.2,9.7,0.4,19.8,11.2,13.2,1.2,-192500,5,40.9,7.3,28.9,15.2,14.8,2.9,5.3,8.5,8.8,12.9,5.3,24.4,49,100,0,-45153,10.46344648
E01000063,Barking and Dagenham 004A,1629,423,309,367,337,193,1013,1620,18.1,19.5,29.1,73.7,3.3,7.8,14.3,0.9,26.3,33.4,10.7,1.4,-163500,12,59.8,11.6,30.4,17.8,16.7,2.2,7.2,8.5,10.4,15.7,6,38,43.9,0,100,-32681,90
E01000100,Barking and Dagenham 004B,1656,456,284,399,338,179,1021,1653,21.2,20,25.2,70.2,4,10.7,13.7,1.5,29.8,33.7,12.2,2.1,-160500,10,51.1,12.7,30.3,15.6,17.3,2.6,8.7,9.1,8.2,14,6.4,37.4,43.9,64.3,35.7,-32848,78.11320755
E01000101,Barking and Dagenham 004C,1519,368,276,362,347,166,985,1513,16.4,17.8,25.4,70.6,2.8,9.7,15.9,1,29.4,36,11.8,3.2,-159500,10,56.3,8.7,32.2,16.6,13.7,2.2,8.1,10.6,8.8,12.6,9.2,37,45.1,11.3,88.7,-31902,92.62195122
E01000109,Barking and Dagenham 004D,1691,411,345,382,374,179,1101,1686,37.5,18.3,24.5,60.6,4.2,18.4,16,0.8,39.4,15.3,16.8,2.3,-167500,8,51.3,10,25.3,17,16.2,2.4,9.1,6.6,6.8,12.2,4.6,29.4,46.4,64.1,35.9,-39617,45.09333333
E01000114,Barking and Dagenham 004E,2093,543,391,476,448,235,1315,2090,25.6,17.7,23.1,58.9,3.8,13.8,22.9,0.7,41.1,10.2,22.4,4.3,-180000,8,44.3,6.5,27.2,14.1,17.3,3,8.3,7.3,8.2,12.2,5.2,29,44.3,47.9,52.1,-38957,81.7578125
E01000033,Barking and Dagenham 006A,1366,365,273,277,294,157,844,1361,14.5,20.8,29.6,76,3.8,3.7,15.9,0.6,24,52,5.8,1.8,-172000,12,60.3,13.2,35.5,15.5,17.9,2.4,5.6,7.9,9.6,14.7,6.5,38.3,47.3,99.3,0.7,-30600,94.20689655
E01000060,Barking and Dagenham 006B,1814,499,305,416,350,244,1071,1809,55,19.4,37.1,65.9,2.8,7.1,23.2,0.9,34.1,46.1,9.1,2.7,-158000,10,54.5,12,31,15.9,14.7,2.4,7.6,8.5,9.6,13.9,5.6,41.8,44,60.6,39.4,-32337,32.98181818
E01000061,Barking and Dagenham 006C,1792,589,494,375,270,64,1139,1776,61.1,34.4,28.7,64.5,4.4,5,25,1.2,35.5,84.9,3.7,1.3,-116500,23,61.5,18.6,30.7,20.1,16.9,1.1,6.6,6.5,6.9,11.9,5.3,63,29,0.2,99.8,-24440,29.3289689
E01000062,Barking and Dagenham 006D,1954,484,354,406,442,268,1202,1952,22.1,18.3,30.2,64.4,3.2,8.4,23.9,0.1,35.6,33.5,11.8,1.4,-163000,9,52.9,12.3,31.3,15.6,14.3,3.3,6.7,9.9,9,13.1,6.5,36,45.7,77.2,22.8,-34748,88.41628959
E01000064,Barking and Dagenham 006E,1897,455,370,380,401,291,1151,1893,20.9,20.7,27.9,67.4,3.4,5,23.8,0.4,32.6,29.5,16.5,5.6,-142500,11,54.9,9.9,32.9,16.3,15.2,3.3,6.7,13.5,7.9,17.6,6.2,38.8,43.9,92.6,7.4,-32736,90.76555024
E01000065,Barking and Dagenham 007A,1734,393,304,402,346,289,1052,1736,23.4,15.4,41.5,71.3,3.2,6.3,18,1.3,28.7,46.1,15.2,1.1,-158750,8,42.2,11.4,35.7,15.2,13.3,1.5,9.5,13.7,10.5,15.6,10.6,47.5,38.8,24,76,-31645,74.1025641
E01000078,Barking and Dagenham 007B,1681,447,372,336,357,169,1065,1666,17.6,23.9,28.7,69.1,4.6,9.7,15.4,1.2,30.9,39.4,14.5,0.9,-155748,17,75.2,12,32.2,17,16.3,1.9,7.8,8.6,8.5,13.6,6.3,39.4,43.1,11.1,88.9,-30616,95.51136364
E01000080,Barking and Dagenham 007C,1565,398,310,359,321,177,990,1556,23.1,20.5,28.8,69.2,5.1,5.8,18.6,1.3,30.8,35.9,14.8,1.2,-158750,10,51.1,13.3,31.9,15.9,17.6,1.8,8.6,10.7,9.2,13.4,8.3,39.9,44.9,22.5,77.5,-31995,67.74891775
E01000081,Barking and Dagenham 007D,1698,422,319,351,414,192,1084,1688,18.6,19.4,26.2,68.3,3.3,6.9,20,1.5,31.7,30.7,14.2,0.9,-169000,11,55.2,8.8,32.4,16.1,18.5,2.5,6.9,8.9,8.5,13.1,6.6,31.3,49.4,58.3,41.7,-33174,91.29032258
E01000082,Barking and Dagenham 007E,1686,455,300,429,341,161,1070,1683,16.1,17.6,33.2,71,3.5,7.5,17.1,0.9,29,39.7,12.6,1,-155000,10,50.6,10.5,29.7,17.4,17.4,2,7.4,8.9,8.9,13.2,5.9,36.6,46.9,63.5,36.5,-33237,104.7204969
E01000083,Barking and Dagenham 007F,1703,459,310,405,331,198,1046,1700,18,23.8,22.7,67.8,4.4,9.3,17,1.5,32.2,35.3,14.9,1.1,-169000,13,55,10.6,31.9,15.4,16.7,1.9,8,10.2,8.7,13.9,7.2,37.5,46.7,4.4,95.6,-32008,94.61111111
E01000102,Barking and Dagenham 007G,1549,386,269,364,333,197,966,1540,25.3,19,29.4,70.8,4.9,7.9,15.5,0.9,29.2,39.7,11.2,1.4,-160000,10,50,11.3,32,13.5,15,1.6,8.7,11.2,7.7,14,7.3,36.8,45.9,31.4,68.6,-33670,61.22529644
E01000021,Barking and Dagenham 008A,1588,384,387,378,311,128,1076,1579,16.9,20.2,31.9,54.1,5.4,19.8,19.6,1.1,45.9,27.5,28.2,1.2,-160000,12,51.7,13.2,25.7,17.1,14.7,1.5,10.5,9.2,7.7,12.1,7.5,40.6,43.8,56,44,-30890,93.96449704
E01000022,Barking and Dagenham 008B,1315,351,262,298,288,116,848,1314,12.8,23.6,21.7,63.5,5.3,11.1,19.4,0.7,36.5,25.9,15.4,1.5,-165000,14,53.2,10.2,27.9,15.2,17,2.8,8.9,8.6,8.1,13.8,6.5,34.2,45.6,10,90,-35700,102.734375
E01000023,Barking and Dagenham 008C,1130,242,263,308,205,112,776,1112,20.7,13.4,39.8,55.4,4.4,21.2,17.1,1.9,44.6,27.2,25.8,7.7,-179995,7,45.5,11.1,27.6,10.8,14.2,1.4,9.2,8.2,8.7,13.8,6.3,39.2,49.8,7.4,92.6,-33986,54.58937198
E01000024,Barking and Dagenham 008D,1342,365,265,315,279,118,859,1336,12.9,22.1,21.5,55.9,4.3,16.2,21.5,2,44.1,28.7,16.4,1.3,-169500,10,49.3,9.2,28.8,17.4,14.2,2.2,10.1,9,7,11.9,6.6,32.7,46.3,0,100,-33338,104.0310078
E01000025,Barking and Dagenham 008E,1609,389,316,373,368,163,1057,1609,15.3,22.9,25.3,69.2,4.5,10.6,15.2,0.4,30.8,36.1,13.2,1.1,-160500,11,51.4,10.7,32.5,14.5,16.4,1.6,9.4,9.8,7.5,13.1,7.6,35.5,47.5,5.7,94.3,-34076,105.1633987
E01000077,Barking and Dagenham 008F,1452,342,277,377,304,152,958,1445,17.4,22.1,26.6,67.1,2.1,9.5,20.4,0.8,32.9,36.1,16.4,1.9,-167250,11,52.8,11.8,31.4,17,16.4,2.2,9.1,10,9.6,13.8,7.5,39.5,45.5,0,100,-31503,83.44827586
E01000015,Barking and Dagenham 009A,2271,680,495,568,378,150,1441,2241,28.1,26,23.3,66.5,3.3,6.9,21.4,1.9,33.5,32.2,24.6,1.5,-150000,17,63.1,11.7,26,17.8,16.8,1.9,9.9,6.4,7.4,11.4,5.3,42.2,45,25.3,74.3,-31525,80.81850534
E01000016,Barking and Dagenham 009B,1646,423,303,362,370,188,1035,1637,19.9,18.5,28.1,70.5,3.2,7.1,18.1,1,29.5,36.1,14.2,1.9,-159995,11,59.3,9.1,34.6,17.4,16,2.1,6.7,8.9,6.7,11.5,6.4,34.8,47.8,55.6,44.4,-33564,82.71356784
E01000017,Barking and Dagenham 009C,1602,399,309,374,359,161,1042,1594,15.8,18.6,29.2,69.4,3.2,6.9,19.4,1.1,30.6,39.2,12,1.5,-167500,10,58.1,8.8,31.3,14,13.7,1.8,8.7,9.7,9.2,13.3,7.2,37.4,41.7,3.7,96.3,-32479,101.3924051
E01000018,Barking and Dagenham 009D,1608,435,276,389,335,173,1000,1597,17.4,22.5,25.8,71.6,3.2,7.3,17.5,0.4,28.4,38.2,10.9,1.8,-162000,13,65,10.4,32,16.4,16.7,1.9,7.4,9.1,7.6,13.3,6.3,36.8,45.4,26.5,72.4,-33843,92.4137931
E01000079,Barking and Dagenham 009E,1553,417,277,313,331,215,921,1546,31,19.2,31.9,69.1,3.3,9.1,17.8,0.7,30.9,37.3,13.5,1.6,-146000,11,59.7,10.6,33,15.2,14.9,1.7,7.8,12.7,9.1,14.4,8.7,42.2,39.7,41.9,58.1,-32165,50.09677419
E01000035,Barking and Dagenham 010A,1613,369,324,320,374,226,1018,1610,39.7,16.9,26.6,67.1,3.7,9.9,18.4,0.9,32.9,19.2,16.8,3.9,-180000,9,53.5,9.2,28.6,16.1,16.2,1.8,8.5,8.8,7.9,13.2,6.8,29.3,52.4,17.9,82.1,-37206,40.62972292
E01000036,Barking and Dagenham 010B,1354,302,262,299,339,152,900,1353,41.9,10.7,20.9,57.9,2.4,17.9,21.4,0.3,42.1,4.1,17.5,2.5,-202500,5,51.7,6.3,25.5,16.4,15.2,2.5,7.7,5.3,8.2,12.3,3.3,25.4,48.2,0,100,-43059,32.3150358
E01000107,Barking and Dagenham 010C,1665,391,281,314,402,277,997,1666,53.6,17.5,21.8,71.3,2.5,8.5,16.8,0.9,28.7,14.6,14,1.8,-175000,8,49.3,9.3,33.6,14.5,16.3,3.4,8.9,9.2,8.2,14.5,5.9,26.5,49.6,75.6,24.4,-38577,31.06343284
E01000108,Barking and Dagenham 010D,1556,329,319,344,381,183,1044,1558,24.2,16.3,29.9,67.7,4.3,8.9,18,1.2,32.3,11.2,27.5,2,-190000,8,42,9.4,26.3,16.7,15.5,3.7,6.4,6.4,9.2,12.1,5.1,34.4,44.6,2.9,97.1,-37289,64.29752066
E01000066,Barking and Dagenham 011A,1941,492,416,411,415,207,1242,1928,24.5,13.5,30.5,47.7,4,36.8,9.3,2.3,52.3,28,11.3,1.6,-259748,7,47.5,7.4,25,13.3,12.8,2.6,12.8,8.6,7.4,12.5,5.2,31.9,44.8,68.3,31.7,-43557,79.2244898
E01000067,Barking and Dagenham 011B,1985,453,440,409,453,230,1302,1969,19.3,13,25.3,46.4,2.4,36.4,12.8,1.9,53.6,19,12.5,1.5,-250000,6,46.6,8.7,23.1,14.2,15.9,3.1,9.7,6.9,6.4,11.9,4.6,29.5,43.7,36.7,63.3,-47084,102.8497409
E01000069,Barking and Dagenham 011C,1777,410,419,346,421,181,1186,1763,20.1,9.6,16,45.9,4.7,41.6,6.1,1.8,54.1,1.2,11.3,1.9,-298000,3,31,4.3,20.5,14.4,16.5,2.8,10,5.6,6.9,10.6,3.9,15.8,44.6,7.6,92.4,-55729,88.4079602
E01000070,Barking and Dagenham 011D,1987,412,470,417,409,279,1296,1975,39.2,8.5,17.9,42,5.9,43,7.6,1.5,58,6,14.5,3.2,-250000,4,48,8,22.8,13,13.9,2.4,11.9,6.6,8,13.4,4.4,25.6,42.8,0,93.7,-52181,50.68877551
E01000071,Barking and Dagenham 011E,2272,540,506,528,427,271,1461,2253,27.1,11,28.3,38.5,4.6,41.4,12.5,3.1,61.5,14.4,21.5,1,-249995,6,49.2,8,22.3,13.7,13,2,10.2,6.6,7.8,11.1,5,28.2,47.8,13,87,-46041,83.83763838
E01000057,Barking and Dagenham 012A,1505,440,274,355,295,141,924,1496,14.8,25.5,22.5,64.9,5,5.7,22.7,1.6,35.1,40,13.4,2,-152500,14,54.9,9.4,26.8,16.4,14.5,2.6,9.4,8.1,7.3,12.8,5.9,37.6,49,6.2,93.8,-33159,101.6891892
E01000073,Barking and Dagenham 012B,1618,437,279,408,309,185,996,1619,28.5,19.9,27.9,70.8,4.1,9.1,14.9,1.1,29.2,31.1,16.3,1.6,-155000,9,46.7,10.2,30.6,18,15,3,8.6,10.6,6.9,13.8,7.8,35.2,47.4,100,0,-33157,56.77192982
E01000074,Barking and Dagenham 012C,1577,438,305,363,309,162,977,1567,16.4,21.3,31.8,72,5.4,4.9,16.5,1.1,28,42.3,14.5,0.9,-152000,10,52.9,9.4,29.3,17.4,16,2.4,8.4,9.1,8.8,14.2,6.5,40.4,43.6,60.1,39.9,-32665,96.15853659
E01000075,Barking and Dagenham 012D,1738,436,308,385,395,214,1088,1732,51.7,14.1,25.6,73,4.8,7.9,13.7,0.5,27,32.3,10.8,1,-181500,8,55,9.2,31.8,16.5,16.7,2.5,8.4,9.7,8.9,12.9,7.7,32.2,46.5,0,100,-34043,33.61702128
E01000076,Barking and Dagenham 012E,1994,607,347,468,390,182,1205,1988,19.1,19.3,28.6,64.3,3.2,10.5,20.8,1.2,35.7,42.8,14.5,1.9,-151000,13,53.7,11,36.2,13.7,15.7,2.2,8.5,7.7,8.6,15,5.9,39.4,41,57.5,42.5,-31348,104.3979058
E01000013,Barking and Dagenham 013A,1668,417,308,366,357,220,1031,1660,20.8,20.8,25.2,68.6,4,9.9,17.1,0.3,31.4,39.1,15.2,3.3,-161000,11,59.6,10.1,33.5,14.1,15.6,1.4,9.2,10.8,8.5,11.2,9.2,43.4,43.4,0.6,81.6,-32742,80.19230769
E01000014,Barking and Dagenham 013B,1667,406,348,359,364,190,1071,1656,34.1,17.7,28.2,75,4,4.9,15.1,1,25,37.6,15,1.1,-160000,11,57.3,11.4,31.4,17.6,15.4,1.8,10.8,8.6,9.6,13.5,6.3,35.9,47.5,19,81,-32308,48.8856305
E01000059,Barking and Dagenham 013C,1581,407,276,357,357,184,990,1582,20.8,23.4,26.5,73.5,4.1,4.1,17.5,0.8,26.5,38.8,12.3,0.9,-150998,13,63.6,10,34,14.5,17.8,2.5,7.5,11.5,8.9,14.3,6.6,35.8,43.4,44.1,55.9,-32947,76.00961538
E01000084,Barking and Dagenham 013D,1358,367,247,321,290,133,858,1355,15,20.1,26.7,70.4,3.9,7.4,17.6,0.7,29.6,41.4,16.6,0.8,-151000,10,55.4,9.8,31.3,16.9,14.9,1.5,8.5,8.7,8.4,13.5,6.1,42.2,43.5,0,88.2,-32285,90.53333333
E01000085,Barking and Dagenham 013E,1720,479,340,353,375,173,1068,1718,14.5,18.9,26.7,68.8,3.4,5.6,17.6,4.5,31.2,44.7,18,1.8,-147750,11,51.6,14,35.6,16.1,14.9,1.6,8.3,8.1,8.4,15.4,6.1,46.4,39.5,0,86.2,-30100,118.6206897
E01000086,Barking and Dagenham 013F,1439,380,286,315,312,146,913,1431,14,18.5,23.8,66.2,3.6,8.5,20.8,0.8,33.8,38.4,11.8,1.9,-160000,9,58.8,10.4,30.5,15.9,16.4,2.3,8.1,8.5,8,14.5,5.5,36.6,46.5,0,100,-34128,102.7857143
E01000103,Barking and Dagenham 014A,1694,445,371,398,350,130,1119,1685,70.1,24,22.8,59.4,4.1,6.4,28.1,2.1,40.6,36.2,18.2,2.1,-167500,13,61.9,12.8,29.6,16.4,14.9,1.8,8.6,7.8,7.2,10.9,6.1,35.7,46.7,77.9,22.1,-30852,24.16547789
E01000104,Barking and Dagenham 014B,1796,500,404,403,350,139,1157,1781,22,20.8,38,63.6,3.8,5.8,25.5,1.2,36.4,57.5,11.1,2.4,-134925,12,54.8,15.7,28.3,18.1,19.5,2.7,7.5,7.5,7.4,10.9,5.9,46,42.1,8.6,91.4,-29854,81.63636364
E01000105,Barking and Dagenham 014C,2148,543,439,486,412,268,1337,2129,22.1,20.1,36,67.3,5.3,5.1,21.5,0.8,32.7,58,11.6,1.5,-154500,10,48.6,15.3,35.1,15.4,15.1,2.1,7.3,11.3,8.6,16.5,6.2,53.1,36.2,6.9,79.4,-29803,97.19457014
E01000106,Barking and Dagenham 014D,1989,508,410,461,392,218,1263,1968,21.9,18.7,42.9,61.9,4.7,5.6,26.8,0.9,38.1,47.1,22.7,1.7,-105000,11,60.8,11.7,28.2,15.4,16.6,3.2,8.8,9.4,8.9,15.4,7,53.9,36.4,76.4,23.6,-29732,90.82191781
E01000007,Barking and Dagenham 015A,1417,349,413,424,173,58,1010,1391,20,12.1,41.3,31.6,6.3,32.1,28,2,68.4,40.7,36.3,2.4,-212000,6,52.4,11.9,15.2,13.7,12.4,0.7,16.6,5.5,5,9.8,5,62.9,30.2,0,0,-30822,70.85
E01000008,Barking and Dagenham 015B,1569,513,406,392,217,41,1015,1544,19.5,22.8,24.8,31.4,5.4,22.6,37.2,3.4,68.6,66.6,15.2,2.4,-140000,14,55.4,18,21.1,14.9,13.1,1.2,17.2,5.1,4.9,9.6,3.7,58.5,33.4,41.4,43.8,-28359,80.46153846
E01000010,Barking and Dagenham 015C,2889,662,951,892,297,87,2140,2840,35.2,12.7,23.4,28.6,5.2,42.4,20.4,3.3,71.4,26.1,49.2,6.4,-151475,8,57.8,9.7,12.2,7.7,9.7,1.2,16.6,3.1,4,8.3,3.1,74.2,22.6,0,0,-37277,82.07386364
E01000012,Barking and Dagenham 015D,1943,584,483,590,229,57,1302,1901,13.9,20.9,23.6,28.1,6.2,35.5,27.9,2.3,71.9,22.1,47,4.4,-170000,14,54.3,10.7,14.4,12.2,11.9,1.3,18,4.1,4.6,8.2,3.4,52.9,40.4,37.3,13.4,-32617,139.7841727
E01000006,Barking and Dagenham 016A,1731,401,416,475,304,135,1195,1703,14.7,9.9,17.9,32.7,3.4,50.6,10.4,2.9,67.3,3.3,32.8,2.7,-240500,6,51.5,9.5,18.2,11.8,12.9,1.5,13.8,5.2,6.7,9.7,4.2,34.3,45.9,0,10.6,-46141,117.755102
E01000009,Barking and Dagenham 016B,1798,317,524,449,328,180,1301,1773,12.8,10,29.9,23.8,3.5,57.1,12.9,2.8,76.2,20.5,38.1,3.2,-226500,6,58.1,10,18.6,10.2,9.4,0.8,17.2,8.6,9.2,12.2,6.8,52.7,37.1,0,0,-38261,140.46875
E01000011,Barking and Dagenham 016C,1655,363,520,405,277,90,1202,1634,9.2,11.2,15.3,21.2,1.7,65.5,8.8,2.9,78.8,7.7,37.9,1.9,-214000,8,56.2,10.2,18,12.4,13.3,1,17.3,5.5,6.7,12.4,5,40.7,41.1,0,0,-33133,179.8913043
E01000044,Barking and Dagenham 016D,1812,460,385,466,340,161,1191,1798,17.1,13.4,24.2,43.5,6.6,26.7,22,1.3,56.5,11.4,27.5,2.2,-183000,9,39.7,9.2,22.6,14.9,13,2.2,15.6,7.5,8.2,12.8,6,41.3,43.7,35.1,58.6,-35327,105.9649123
E01000068,Barking and Dagenham 016E,1605,334,443,303,355,170,1101,1590,34,10.6,18.2,34.6,2.1,53.8,7.7,1.8,65.4,2.4,20.1,1.9,-260000,2,31.8,6,22.5,13.5,12.3,2,12,6.3,7,11.7,4,25.1,42.2,8.8,42.2,-50176,47.20588235
E01000041,Barking and Dagenham 017A,1687,460,295,427,355,150,1077,1682,15.3,18,24.5,66.9,3.9,6.7,21.3,1.2,33.1,36.2,12.9,0.7,-160000,11,53.1,11.1,31.7,17.4,14.3,1.8,10,8,7.6,11,5.8,32.5,46.8,53.9,46.1,-33990,110.2614379
E01000042,Barking and Dagenham 017B,1803,517,430,420,288,148,1138,1788,23.1,22.4,31.5,54.3,5.3,18,20,2.4,45.7,54.5,17.1,0.7,-153500,16,67.5,14.9,30.2,15.4,14.1,1.6,10.6,8.3,7.4,12.6,7,54.5,34.6,24.6,75.4,-30690,78.05194805
E01000045,Barking and Dagenham 017C,1659,456,340,387,334,142,1061,1650,29.8,23.3,22.4,59.1,6.1,8.9,24.4,1.6,40.9,38.9,20.3,0.2,-139500,13,55.7,10.3,26,15.7,15.4,1.6,9.6,7.5,7.7,13.6,5.7,41.4,44.9,36.4,63.6,-34783,55.67114094
E01000046,Barking and Dagenham 017D,1785,502,293,449,381,160,1123,1779,15.6,21.6,22.2,73.6,3.5,6.1,15.1,1.6,26.4,35.2,13.8,0.6,-158000,10,46.8,10.7,30,17.7,14.1,2,8.3,7.6,8.7,13.6,5.7,38.5,41.9,47.3,52.7,-32992,114.4230769
E01000072,Barking and Dagenham 017E,2006,547,446,437,355,221,1238,1991,52,22.3,30.9,66.4,4.6,8.7,19.1,1.1,33.6,44.8,20.3,1,-172750,14,60.7,11.9,32.3,16.8,14.8,3.1,8,10.4,8.8,13.7,6.7,45,41.3,100,0,-29631,38.57692308
E01000054,Barking and Dagenham 018A,1731,459,292,409,371,200,1072,1718,17.1,18.2,23.4,71.2,2.9,6.3,18.8,0.7,28.8,37,13.2,2.6,-159500,10,53.1,10.3,33.6,14.3,18.5,1.7,7.5,8.6,8.3,13.7,6.6,32.9,47.5,24.6,75.4,-34017,101.2280702
E01000055,Barking and Dagenham 018B,1564,388,319,361,355,141,1035,1553,14.6,18.9,23,69.7,4.1,9,16.7,0.5,30.3,33.9,13,3.3,-152000,10,62,11,27.6,17.5,16.4,2.3,9.1,7.3,8.8,13.3,5.5,33.9,47.1,16.9,83.1,-34378,107.1232877
E01000056,Barking and Dagenham 018C,1594,447,296,399,289,163,984,1584,24.4,24.4,23.2,67.6,3.9,7.7,19.8,1.1,32.4,42.2,15.7,2.1,-155000,12,52.4,11.7,32.2,15.1,16.6,2,8.6,10.2,8.3,14.2,5.9,34.6,47.1,98.9,1.1,-32965,65.32786885
E01000058,Barking and Dagenham 018D,1864,491,366,476,373,158,1215,1849,18.2,19,27.2,59.9,5,10.3,23.3,1.5,40.1,33.3,16.7,0.4,-168000,11,56.4,8.9,27,15.3,15.4,2.1,9.8,7.2,8.3,11.7,5.8,36.8,48.8,17.9,82.1,-34157,102.4175824
E01000095,Barking and Dagenham 018E,1584,468,288,435,276,117,999,1572,229.5,18.8,22.4,51.1,3.6,11.9,31.8,1.6,48.9,26.8,20,0.5,-159750,9,45.6,10.1,23.2,16.6,13.2,1.6,9.9,6.7,5.9,9.6,4.4,30.4,47.5,100,0,-41482,6.901960784
E01000040,Barking and Dagenham 019A,1579,379,307,379,337,177,1023,1569,17.1,20.2,29.4,57.4,4,17.8,18.3,2.4,42.6,49.5,14.8,2.3,-173000,11,48.5,10.7,30.9,14.8,14.3,2.2,9.6,9.2,9.4,15.9,7.8,47.3,39.5,9.5,90.5,-32533,92.33918129
E01000043,Barking and Dagenham 019B,1370,355,257,321,256,181,834,1358,26.6,15.2,25.4,52.6,3,27.7,14.7,2,47.4,33.6,13.7,1.3,-225000,8,43.2,11.1,31.8,14,12.1,1.8,11,9.5,8.7,13.6,7.4,36.7,43.8,47.3,52.7,-33452,51.5037594
E01000050,Barking and Dagenham 019C,1678,451,369,374,294,190,1037,1661,13.8,18.2,31.2,38.5,5.2,35,18.1,3.2,61.5,38.9,19.7,2.7,-188500,10,49.4,11.8,28,10,11.6,1.7,13.3,10.2,7.7,14,7.5,47.6,42.9,0,58.6,-32049,121.5942029
E01000052,Barking and Dagenham 019D,2039,530,400,522,385,202,1307,2014,20,19.5,29.6,46.5,4.9,25.5,21.5,1.6,53.5,27.3,21.6,3.4,-149500,9,49.5,8.7,25.6,13.1,11.6,1.6,13.5,8.1,8,13.4,6.6,43.7,45.4,9,91,-32775,101.95
E01000092,Barking and Dagenham 019E,2694,751,567,691,457,228,1715,2674,264.5,18.8,26.3,41.5,4.7,21.2,29.7,3,58.5,34.8,19.3,1.8,-175000,10,55.8,13.5,22.8,12.7,14.9,1.9,11.8,8.1,7,11.8,5.7,40.3,44.2,55.8,44.2,-37556,10.1852552
E01000053,Barking and Dagenham 020A,1493,371,280,367,316,159,963,1485,18.1,16.3,37.4,60.5,4,7.9,27,0.5,39.5,37.1,25,1.2,-112000,9,60,11.4,28.8,17.7,13.4,1.8,10.2,11.8,9.2,14.3,8.4,45.7,41.7,59.7,40.3,-31904,82.48618785
E01000087,Barking and Dagenham 020B,1348,341,259,307,312,129,878,1341,37.3,20.3,26.2,65.6,4,5.1,24.5,0.7,34.4,32.6,19.9,1.8,-160000,11,48.7,9.9,30.5,16.3,18.8,2.1,7.7,10,8.1,13.8,6.9,38.8,42.3,41.9,58.1,-32352,36.13941019
E01000088,Barking and Dagenham 020C,1840,467,349,414,365,245,1128,1828,22.6,17.8,26.3,53,3.2,12.5,30.5,0.8,47,11.6,27,2.4,-159000,9,48.9,8.9,30.6,12.8,15.1,2.3,8.8,10.2,7.1,14.2,5.2,35.6,47.5,59,41,-37771,81.4159292
E01000089,Barking and Dagenham 020D,1676,459,346,332,394,145,1072,1666,14.6,24,21.6,59.5,5.5,5.8,28.1,1.1,40.5,7.8,22.4,5.3,-150000,12,50,9,25.4,17.4,16.4,2.2,6.8,7.5,7.1,11.5,4.1,33,44.6,68.7,31.3,-34417,114.7945205
E01000090,Barking and Dagenham 020E,1594,457,302,340,354,141,996,1584,195.5,21.1,20,51.1,3.7,13.1,29.2,3,48.9,7.3,26.6,7.3,-150000,9,47.1,9,25.3,15.2,14.4,2,10,6.6,6.4,11,4.5,33.9,46.8,39.4,60.6,-36849,8.153452685
E01000048,Barking and Dagenham 021B,1795,655,356,464,247,73,1067,1783,6.5,26.4,29.8,37.1,5.9,13,41.5,2.5,62.9,81.5,10.6,0.8,-129000,19,59.9,18.7,28.5,14.3,14.8,1.3,14.2,6.2,6.3,9.1,6.3,60.2,34.2,41.9,58.1,-24121,276.1538462
E01000049,Barking and Dagenham 021C,1832,653,330,475,256,118,1061,1820,21.2,25.5,26,37.5,6.8,14.7,37.3,3.7,62.5,66.7,9.6,0.3,-135000,18,65.7,17.1,29.2,12.4,13.8,1,12.2,6.4,7.4,11.8,5.2,54,40,37.8,62.2,-27743,86.41509434
E01000051,Barking and Dagenham 021D,1945,657,414,530,294,50,1238,1927,6.7,25.5,32.4,35.6,5,16.9,37.7,4.8,64.4,76.1,8.4,0.7,-137000,21,67.3,17.9,26.5,12.9,14.8,1.2,12.5,6.4,7.6,12.3,5.7,60.7,35,0,56.8,-23806,290.2985075
E01033587,Barking and Dagenham 021E,1665,483,398,543,194,47,1135,1630,26.6,21.6,26.9,43.3,4.4,21.4,28.3,2.5,56.7,39,34.5,0.6,-135000,13,50.4,12.4,17.2,12.3,10.5,0.9,15.6,6.1,4.9,9.9,4.7,57.7,36,26,74,-31535,62.59398496
E01033588,Barking and Dagenham 021F,1636,524,322,504,210,76,1036,1617,14,25.6,25.1,38.3,6.2,18.9,33.5,3.2,61.7,50,24.9,1,-156000,13,49.6,12.2,23.2,11.5,11.1,0.8,15.5,6.1,6.2,10,4.7,54.2,40.5,50.8,45.7,-31161,116.8571429
E01000091,Barking and Dagenham 022A,1722,549,336,376,305,156,1017,1714,24.6,22.3,30.8,49.8,3.8,14.1,30.4,1.9,50.2,55.3,14.7,2,-171250,15,61.9,13.3,32,15.7,13.7,2.5,10.4,7.4,9.9,14.4,6.3,48.3,40.1,91.9,8.1,-27765,70
E01000093,Barking and Dagenham 022B,1564,442,353,384,276,109,1013,1547,29.4,19.2,38.3,51.1,5.8,10.2,31.4,1.5,48.9,57.6,15,1.7,-178500,12,54.5,13.8,27.4,16.2,14.3,2.2,10.8,9.2,9.9,14.5,8.3,53.7,37.9,85.5,14.5,-28561,53.19727891
E01000094,Barking and Dagenham 022C,1338,402,267,478,165,26,910,1326,60.3,20.7,27.9,34.2,6.7,15.3,42.6,1.1,65.8,24.8,27.1,1.1,-160000,13,53.6,9.9,12.7,11.8,14,2.1,11.7,3.8,3.5,6.6,3.4,37.1,49.7,87.6,12.4,-39146,22.18905473
E01000096,Barking and Dagenham 022D,1903,658,424,434,288,99,1146,1895,60.2,30.4,22.8,43.8,4.4,9.6,40.4,1.8,56.2,66.2,10.5,1.1,-165000,20,65.2,15.4,25,19.1,16.7,1.7,9.6,6.1,7.5,12.5,5,51.3,41.3,90.5,9.5,-27221,31.61129568
E01000019,Barking and Dagenham 023A,1410,378,264,305,326,137,895,1407,18.4,23.6,22.4,55.7,5,21.1,15.1,3.1,44.3,25,18.1,1.6,-170000,11,54.2,13.4,28.7,15.3,16.5,2.1,9.1,8,9.4,13.8,6.8,37.5,40.9,39.8,60.2,-33770,76.63043478
E01000020,Barking and Dagenham 023B,1843,475,329,471,350,218,1150,1834,18.7,16.9,29.4,65,3.8,11.3,18.7,1.1,35,31.8,14.5,2,-155000,9,48.9,11.4,29.6,14.7,14.8,2.7,8,10,8.8,11.9,8.6,33.5,46.8,3.6,96.4,-33995,98.55614973
E01000097,Barking and Dagenham 023C,1679,409,275,390,307,298,972,1683,17.9,15.7,36,68.6,4.4,13.5,11.9,1.6,31.4,45.3,13.7,1.3,-196500,8,48.9,9.2,36.7,15.6,13.3,1.7,6.8,12.6,9,14.1,9.4,43.5,41.5,0,92.4,-33008,93.79888268
E01000098,Barking and Dagenham 023D,1752,468,345,407,372,160,1124,1746,17.5,22.7,23.5,60.9,5.4,17.6,15.1,1,39.1,35.4,20.2,1.6,-207000,12,45.3,13.6,30.5,16.5,15.9,1.6,9.4,8.6,9.1,13.6,7,35,45.8,0,100,-32143,100.1142857
E01000099,Barking and Dagenham 023E,1736,451,329,406,359,191,1094,1732,31,19.1,24.6,70.3,4.8,11.4,12.5,0.9,29.7,33.2,13.7,7.1,-205000,10,49.4,11,30.9,17.1,13.6,2.4,8.2,9.4,7.6,14.2,6.5,34.5,44.6,1.8,98.2,-35178,56
E01032580,Barking and Dagenham 023F,1361,360,334,331,239,97,904,1354,12.8,22.7,22.1,47.9,3.6,31.1,15.2,2.2,52.1,30.6,31.6,2.3,-176500,13,55.7,10.6,21.8,14.6,14,1.8,15.4,6.6,8.3,11.6,4.9,34,45,0,100,-32535,106.328125